time(ms),Noodle raw, Noodle V, Noodle I, Noodle I filt, Cami raw, Cami V, Cami I, Cami I filt
0,515,2.52,0.09,0.00,516,2.52,0.12,0.01
100,513,2.51,0.04,0.05,514,2.51,0.07,0.02
200,512,2.50,0.01,0.04,511,2.50,-0.01,0.03
300,514,2.51,0.07,0.04,513,2.51,0.04,0.03
400,513,2.51,0.04,0.06,511,2.50,-0.01,0.03
500,512,2.50,0.01,0.04,514,2.51,0.07,0.02
600,515,2.52,0.09,0.05,513,2.51,0.04,0.05
700,514,2.51,0.07,0.04,517,2.53,0.15,0.04
800,514,2.51,0.07,0.04,515,2.52,0.09,0.02
900,516,2.52,0.12,0.05,512,2.50,0.01,0.04
1000,511,2.50,-0.01,0.05,512,2.50,0.01,0.03
1100,515,2.52,0.09,0.06,514,2.51,0.07,0.03
1200,513,2.51,0.04,0.05,512,2.50,0.01,0.04
1300,511,2.50,-0.01,0.04,515,2.52,0.09,0.04
1400,511,2.50,-0.01,0.05,515,2.52,0.09,0.03
1500,513,2.51,0.04,0.04,516,2.52,0.12,0.04
1600,511,2.50,-0.01,0.04,514,2.51,0.07,0.04
1700,512,2.50,0.01,0.06,509,2.49,-0.07,0.01
1800,515,2.52,0.09,0.05,513,2.51,0.04,0.03
1900,512,2.50,0.01,0.05,514,2.51,0.07,0.04
2000,513,2.51,0.04,0.03,515,2.52,0.09,0.04
2100,513,2.51,0.04,0.03,514,2.51,0.07,0.02
2200,514,2.51,0.07,0.04,513,2.51,0.04,0.03
2300,513,2.51,0.04,0.05,510,2.49,-0.04,0.03
2400,511,2.50,-0.01,0.04,515,2.52,0.09,0.03
2500,513,2.51,0.04,0.05,516,2.52,0.12,0.04
2600,514,2.51,0.07,0.05,515,2.52,0.09,0.02
2700,511,2.50,-0.01,0.04,515,2.52,0.09,0.03
2800,512,2.50,0.01,0.05,513,2.51,0.04,0.03
2900,515,2.52,0.09,0.06,514,2.51,0.07,0.03
3000,510,2.49,-0.04,0.06,512,2.50,0.01,0.02
3100,514,2.51,0.07,0.04,512,2.50,0.01,0.04
3200,513,2.51,0.04,0.04,512,2.50,0.01,0.03
3300,515,2.52,0.09,0.03,510,2.49,-0.04,0.01
3400,510,2.49,-0.04,0.05,510,2.49,-0.04,0.02
3500,513,2.51,0.04,0.05,515,2.52,0.09,0.03
3600,514,2.51,0.07,0.07,515,2.52,0.09,0.04
3700,512,2.50,0.01,0.04,511,2.50,-0.01,0.03
3800,512,2.50,0.01,0.04,509,2.49,-0.07,0.03
3900,516,2.52,0.12,0.04,514,2.51,0.07,0.03
4000,514,2.51,0.07,0.04,514,2.51,0.07,0.03
4100,515,2.52,0.09,0.04,512,2.50,0.01,0.01
4200,518,2.53,0.17,0.04,511,2.50,-0.01,0.03
4300,515,2.52,0.09,0.04,513,2.51,0.04,0.03
4400,515,2.52,0.09,0.05,511,2.50,-0.01,0.03
4500,520,2.54,0.22,0.05,509,2.49,-0.07,0.02
4600,515,2.52,0.09,0.06,510,2.49,-0.04,0.03
4700,513,2.51,0.04,0.05,513,2.51,0.04,0.04
4800,510,2.49,-0.04,0.04,508,2.48,-0.09,0.01
4900,517,2.53,0.15,0.06,513,2.51,0.04,0.03
5000,515,2.52,0.09,0.04,514,2.51,0.07,0.03
5100,514,2.51,0.07,0.06,514,2.51,0.07,0.02
5200,514,2.51,0.07,0.04,512,2.50,0.01,0.01
5300,517,2.53,0.15,0.06,512,2.50,0.01,0.03
5400,512,2.50,0.01,0.06,514,2.51,0.07,0.03
5500,513,2.51,0.04,0.05,510,2.49,-0.04,0.02
5600,517,2.53,0.15,0.05,513,2.51,0.04,0.03
5700,514,2.51,0.07,0.04,512,2.50,0.01,0.03
5800,512,2.50,0.01,0.06,512,2.50,0.01,0.02
5900,511,2.50,-0.01,0.04,513,2.51,0.04,0.03
6000,518,2.53,0.17,0.05,512,2.50,0.01,0.02
6100,514,2.51,0.07,0.05,508,2.48,-0.09,0.01
6200,514,2.51,0.07,0.05,511,2.50,-0.01,0.04
6300,514,2.51,0.07,0.05,513,2.51,0.04,0.04
6400,512,2.50,0.01,0.06,513,2.51,0.04,0.03
6500,511,2.50,-0.01,0.05,508,2.48,-0.09,0.02
6600,512,2.50,0.01,0.05,511,2.50,-0.01,0.02
6700,516,2.52,0.12,0.04,508,2.48,-0.09,0.01
6800,514,2.51,0.07,0.04,512,2.50,0.01,0.03
6900,514,2.51,0.07,0.06,514,2.51,0.07,0.03
7000,510,2.49,-0.04,0.04,518,2.53,0.17,0.04
7100,512,2.50,0.01,0.03,517,2.53,0.15,0.05
7200,511,2.50,-0.01,0.11,513,2.51,0.04,0.03
7300,514,2.51,0.07,0.11,511,2.50,-0.01,0.02
7400,514,2.51,0.07,0.03,514,2.51,0.07,0.03
7500,513,2.51,0.04,0.05,513,2.51,0.04,0.02
7600,513,2.51,0.04,0.04,511,2.50,-0.01,0.04
7700,514,2.51,0.07,0.10,508,2.48,-0.09,0.04
7800,515,2.52,0.09,0.14,512,2.50,0.01,0.02
7900,516,2.52,0.12,0.12,510,2.49,-0.04,0.03
8000,514,2.51,0.07,0.09,512,2.50,0.01,0.03
8100,528,2.58,0.44,0.15,513,2.51,0.04,0.02
8200,511,2.50,-0.01,0.06,510,2.49,-0.04,0.02
8300,516,2.52,0.12,0.08,515,2.52,0.09,0.04
8400,544,2.66,0.86,1.00,512,2.50,0.01,0.03
8500,513,2.51,0.04,0.29,510,2.49,-0.04,0.02
8600,521,2.55,0.25,0.28,513,2.51,0.04,0.03
8700,519,2.54,0.20,0.32,509,2.49,-0.07,0.04
8800,546,2.67,0.91,0.90,514,2.51,0.07,0.02
8900,538,2.63,0.70,0.36,510,2.49,-0.04,0.01
9000,516,2.52,0.12,0.06,511,2.50,-0.01,0.02
9100,518,2.53,0.17,0.07,513,2.51,0.04,0.02
9200,559,2.73,1.25,0.83,512,2.50,0.01,0.02
9300,518,2.53,0.17,0.49,516,2.52,0.12,0.03
9400,516,2.52,0.12,0.06,516,2.52,0.12,0.01
9500,515,2.52,0.09,0.13,516,2.52,0.12,0.04
9600,542,2.65,0.81,0.93,513,2.51,0.04,0.02
9700,518,2.53,0.17,0.35,512,2.50,0.01,0.04
9800,527,2.58,0.41,0.32,516,2.52,0.12,0.05
9900,513,2.51,0.04,0.13,511,2.50,-0.01,0.03
10000,515,2.52,0.09,0.06,511,2.50,-0.01,0.01
10100,517,2.53,0.15,0.34,510,2.49,-0.04,0.02
10200,515,2.52,0.09,0.03,514,2.51,0.07,0.03
10300,514,2.51,0.07,0.10,510,2.49,-0.04,0.03
10400,518,2.53,0.17,0.14,513,2.51,0.04,0.03
10500,513,2.51,0.04,0.16,514,2.51,0.07,0.05
10600,520,2.54,0.22,0.15,514,2.51,0.07,0.02
10700,531,2.60,0.52,0.22,513,2.51,0.04,0.04
10800,520,2.54,0.22,0.16,516,2.52,0.12,0.04
10900,522,2.55,0.28,0.25,513,2.51,0.04,0.03
11000,517,2.53,0.15,0.14,511,2.50,-0.01,0.02
11100,511,2.50,-0.01,0.23,512,2.50,0.01,0.03
11200,512,2.50,0.01,0.26,514,2.51,0.07,0.02
11300,515,2.52,0.09,0.26,510,2.49,-0.04,0.03
11400,511,2.50,-0.01,0.16,513,2.51,0.04,0.05
11500,516,2.52,0.12,0.21,513,2.51,0.04,0.01
11600,486,2.38,-0.67,0.24,516,2.52,0.12,0.04
11700,518,2.53,0.17,0.13,513,2.51,0.04,0.03
11800,519,2.54,0.20,0.15,516,2.52,0.12,0.02
11900,542,2.65,0.81,0.25,510,2.49,-0.04,0.05
12000,519,2.54,0.20,0.12,517,2.53,0.15,0.05
12100,517,2.53,0.15,0.16,514,2.51,0.07,0.04
12200,509,2.49,-0.07,0.20,513,2.51,0.04,0.05
12300,512,2.50,0.01,0.12,510,2.49,-0.04,0.03
12400,515,2.52,0.09,0.14,511,2.50,-0.01,-0.00
12500,516,2.52,0.12,0.18,513,2.51,0.04,0.01
12600,526,2.57,0.38,0.17,516,2.52,0.12,0.04
12700,526,2.57,0.38,0.22,514,2.51,0.07,0.03
12800,517,2.53,0.15,0.14,514,2.51,0.07,0.04
12900,517,2.53,0.15,0.12,511,2.50,-0.01,0.03
13000,566,2.77,1.44,0.38,518,2.53,0.17,0.05
13100,511,2.50,-0.01,0.18,512,2.50,0.01,0.03
13200,516,2.52,0.12,0.13,513,2.51,0.04,0.04
13300,528,2.58,0.44,0.17,509,2.49,-0.07,0.03
13400,525,2.57,0.36,0.18,509,2.49,-0.07,0.03
13500,514,2.51,0.07,0.13,514,2.51,0.07,0.02
13600,562,2.75,1.33,0.35,508,2.48,-0.09,0.01
13700,561,2.74,1.31,0.30,522,2.55,0.28,0.04
13800,543,2.65,0.83,0.28,510,2.49,-0.04,0.02
13900,512,2.50,0.01,0.34,515,2.52,0.09,0.04
14000,513,2.51,0.04,0.30,509,2.49,-0.07,0.02
14100,515,2.52,0.09,0.18,516,2.52,0.12,0.07
14200,528,2.58,0.44,0.17,510,2.49,-0.04,0.03
14300,545,2.66,0.89,0.29,513,2.51,0.04,0.04
14400,565,2.76,1.41,0.40,513,2.51,0.04,0.04
14500,516,2.52,0.12,0.15,508,2.48,-0.09,0.02
14600,515,2.52,0.09,0.15,511,2.50,-0.01,0.02
14700,516,2.52,0.12,0.12,511,2.50,-0.01,0.03
14800,521,2.55,0.25,0.24,512,2.50,0.01,0.03
14900,521,2.55,0.25,0.20,512,2.50,0.01,0.01
15000,519,2.54,0.20,0.15,512,2.50,0.01,0.03
15100,514,2.51,0.07,0.13,512,2.50,0.01,0.03
15200,516,2.52,0.12,0.31,515,2.52,0.09,0.04
15300,515,2.52,0.09,0.13,509,2.49,-0.07,0.04
15400,521,2.55,0.25,0.27,510,2.49,-0.04,0.03
15500,520,2.54,0.22,0.15,512,2.50,0.01,0.03
15600,518,2.53,0.17,0.14,511,2.50,-0.01,0.02
15700,518,2.53,0.17,0.21,512,2.50,0.01,0.03
15800,539,2.63,0.73,0.42,518,2.53,0.17,0.06
15900,512,2.50,0.01,0.15,514,2.51,0.07,0.03
16000,525,2.57,0.36,0.26,511,2.50,-0.01,0.02
16100,512,2.50,0.01,0.12,512,2.50,0.01,0.04
16200,514,2.51,0.07,0.15,514,2.51,0.07,0.03
16300,515,2.52,0.09,0.28,513,2.51,0.04,0.04
16400,517,2.53,0.15,0.22,512,2.50,0.01,0.03
16500,517,2.53,0.15,0.15,518,2.53,0.17,0.05
16600,566,2.77,1.44,0.41,514,2.51,0.07,0.03
16700,514,2.51,0.07,0.14,513,2.51,0.04,0.04
16800,516,2.52,0.12,0.15,517,2.53,0.15,0.05
16900,519,2.54,0.20,0.22,515,2.52,0.09,0.02
17000,542,2.65,0.81,0.39,514,2.51,0.07,0.03
17100,515,2.52,0.09,0.23,513,2.51,0.04,0.04
17200,518,2.53,0.17,0.10,511,2.50,-0.01,0.00
17300,517,2.53,0.15,0.11,513,2.51,0.04,0.04
17400,518,2.53,0.17,0.10,510,2.49,-0.04,0.02
17500,513,2.51,0.04,0.08,509,2.49,-0.07,0.03
17600,514,2.51,0.07,0.09,509,2.49,-0.07,0.03
17700,510,2.49,-0.04,0.05,513,2.51,0.04,0.03
17800,515,2.52,0.09,0.03,513,2.51,0.04,0.03
17900,510,2.49,-0.04,0.04,512,2.50,0.01,0.03
18000,512,2.50,0.01,0.04,518,2.53,0.17,0.04
18100,513,2.51,0.04,0.04,514,2.51,0.07,0.03
18200,514,2.51,0.07,0.03,514,2.51,0.07,0.03
18300,513,2.51,0.04,0.03,512,2.50,0.01,0.02
18400,514,2.51,0.07,0.07,511,2.50,-0.01,0.02
18500,511,2.50,-0.01,0.06,513,2.51,0.04,0.02
18600,512,2.50,0.01,0.05,512,2.50,0.01,0.04
18700,513,2.51,0.04,0.05,512,2.50,0.01,0.03
18800,510,2.49,-0.04,0.04,513,2.51,0.04,0.03
18900,512,2.50,0.01,0.02,508,2.48,-0.09,0.04
19000,516,2.52,0.12,0.03,512,2.50,0.01,0.03
19100,513,2.51,0.04,0.04,516,2.52,0.12,0.02
19200,509,2.49,-0.07,0.04,513,2.51,0.04,0.02
19300,516,2.52,0.12,0.04,510,2.49,-0.04,0.03
19400,515,2.52,0.09,0.05,512,2.50,0.01,0.04
19500,515,2.52,0.09,0.05,514,2.51,0.07,0.04
19600,510,2.49,-0.04,0.05,514,2.51,0.07,0.05
19700,511,2.50,-0.01,0.05,512,2.50,0.01,0.03
19800,512,2.50,0.01,0.03,513,2.51,0.04,0.04
19900,515,2.52,0.09,0.06,509,2.49,-0.07,0.04
20000,512,2.50,0.01,0.04,512,2.50,0.01,0.03
20100,515,2.52,0.09,0.05,512,2.50,0.01,0.04
20200,537,2.62,0.67,0.72,517,2.53,0.15,0.03
20300,513,2.51,0.04,0.19,513,2.51,0.04,0.03
20400,511,2.50,-0.01,0.05,510,2.49,-0.04,0.05
20500,516,2.52,0.12,0.05,518,2.53,0.17,0.04
20600,512,2.50,0.01,0.05,510,2.49,-0.04,0.03
20700,512,2.50,0.01,0.12,508,2.48,-0.09,0.02
20800,509,2.49,-0.07,0.04,517,2.53,0.15,0.04
20900,537,2.62,0.67,0.81,516,2.52,0.12,0.03
21000,552,2.70,1.07,0.34,519,2.54,0.20,0.04
21100,548,2.68,0.96,1.01,509,2.49,-0.07,0.03
21200,564,2.76,1.39,0.84,512,2.50,0.01,0.02
21300,559,2.73,1.25,1.18,514,2.51,0.07,0.03
21400,555,2.71,1.15,1.11,515,2.52,0.09,0.03
21500,557,2.72,1.20,1.16,512,2.50,0.01,0.02
21600,562,2.75,1.33,0.92,513,2.51,0.04,0.03
21700,544,2.66,0.86,0.89,514,2.51,0.07,0.05
21800,548,2.68,0.96,0.36,517,2.53,0.15,0.04
21900,537,2.62,0.67,0.90,519,2.54,0.20,0.03
22000,514,2.51,0.07,0.23,511,2.50,-0.01,0.03
22100,535,2.61,0.62,0.71,513,2.51,0.04,0.04
22200,519,2.54,0.20,0.08,514,2.51,0.07,0.04
22300,523,2.56,0.30,0.34,513,2.51,0.04,0.04
22400,516,2.52,0.12,0.10,514,2.51,0.07,0.03
22500,516,2.52,0.12,0.44,515,2.52,0.09,0.04
22600,516,2.52,0.12,0.09,514,2.51,0.07,0.03
22700,516,2.52,0.12,0.10,512,2.50,0.01,0.04
22800,511,2.50,-0.01,0.05,513,2.51,0.04,0.03
22900,515,2.52,0.09,0.08,508,2.48,-0.09,0.04
23000,515,2.52,0.09,0.13,513,2.51,0.04,0.03
23100,511,2.50,-0.01,0.14,510,2.49,-0.04,0.03
23200,512,2.50,0.01,0.06,514,2.51,0.07,0.03
23300,515,2.52,0.09,0.27,513,2.51,0.04,0.02
23400,513,2.51,0.04,0.06,518,2.53,0.17,0.02
23500,514,2.51,0.07,0.06,516,2.52,0.12,0.05
23600,514,2.51,0.07,0.06,514,2.51,0.07,0.05
23700,510,2.49,-0.04,0.05,511,2.50,-0.01,0.04
23800,516,2.52,0.12,0.05,512,2.50,0.01,0.02
23900,516,2.52,0.12,0.05,509,2.49,-0.07,0.02
24000,514,2.51,0.07,0.04,514,2.51,0.07,0.04
24100,512,2.50,0.01,0.05,512,2.50,0.01,0.04
24200,515,2.52,0.09,0.04,512,2.50,0.01,0.03
24300,513,2.51,0.04,0.04,512,2.50,0.01,0.02
24400,514,2.51,0.07,0.06,512,2.50,0.01,0.02
24500,512,2.50,0.01,0.03,513,2.51,0.04,0.03
24600,514,2.51,0.07,0.06,509,2.49,-0.07,0.03
24700,515,2.52,0.09,0.05,516,2.52,0.12,0.02
24800,513,2.51,0.04,0.04,513,2.51,0.04,0.02
24900,511,2.50,-0.01,0.06,510,2.49,-0.04,0.03
25000,515,2.52,0.09,0.06,510,2.49,-0.04,0.01
25100,513,2.51,0.04,0.04,516,2.52,0.12,0.04
25200,515,2.52,0.09,0.05,513,2.51,0.04,0.04
25300,515,2.52,0.09,0.05,512,2.50,0.01,0.03
25400,514,2.51,0.07,0.05,511,2.50,-0.01,0.02
25500,562,2.75,1.33,1.08,518,2.53,0.17,0.05
25600,537,2.62,0.67,0.18,512,2.50,0.01,0.03
25700,561,2.74,1.31,0.22,513,2.51,0.04,0.04
25800,516,2.52,0.12,0.04,511,2.50,-0.01,0.02
25900,513,2.51,0.04,0.05,515,2.52,0.09,0.02
26000,516,2.52,0.12,0.13,514,2.51,0.07,0.02
26100,513,2.51,0.04,0.19,514,2.51,0.07,0.04
26200,541,2.64,0.78,0.96,509,2.49,-0.07,0.03
26300,516,2.52,0.12,0.11,512,2.50,0.01,0.03
26400,545,2.66,0.89,0.81,509,2.49,-0.07,0.03
26500,529,2.59,0.46,0.13,516,2.52,0.12,0.04
26600,522,2.55,0.28,0.41,515,2.52,0.09,0.03
26700,519,2.54,0.20,0.16,508,2.48,-0.09,0.02
26800,537,2.62,0.67,0.77,516,2.52,0.12,0.05
26900,517,2.53,0.15,0.09,514,2.51,0.07,0.02
27000,520,2.54,0.22,0.55,512,2.50,0.01,0.03
27100,513,2.51,0.04,0.09,511,2.50,-0.01,0.03
27200,551,2.69,1.04,1.03,514,2.51,0.07,0.02
27300,548,2.68,0.96,0.49,514,2.51,0.07,0.03
27400,533,2.61,0.57,0.84,516,2.52,0.12,0.04
27500,557,2.72,1.20,0.70,515,2.52,0.09,0.02
27600,556,2.72,1.18,1.11,515,2.52,0.09,0.03
27700,560,2.74,1.28,1.26,512,2.50,0.01,0.01
27800,563,2.75,1.36,1.36,510,2.49,-0.04,0.01
27900,564,2.76,1.39,1.35,509,2.49,-0.07,0.02
28000,549,2.68,0.99,1.26,506,2.47,-0.15,0.01
28100,562,2.75,1.33,1.32,511,2.50,-0.01,0.02
28200,557,2.72,1.20,1.25,511,2.50,-0.01,0.02
28300,566,2.77,1.44,1.35,513,2.51,0.04,0.02
28400,562,2.75,1.33,1.35,510,2.49,-0.04,0.04
28500,567,2.77,1.47,1.36,512,2.50,0.01,0.03
28600,581,2.84,1.84,1.80,508,2.48,-0.09,0.02
28700,559,2.73,1.25,1.35,509,2.49,-0.07,0.02
28800,559,2.73,1.25,1.38,510,2.49,-0.04,0.03
28900,562,2.75,1.33,1.36,514,2.51,0.07,0.03
29000,562,2.75,1.33,1.38,510,2.49,-0.04,0.05
29100,562,2.75,1.33,1.37,516,2.52,0.12,0.04
29200,561,2.74,1.31,1.35,518,2.53,0.17,0.05
29300,563,2.75,1.36,1.35,514,2.51,0.07,0.05
29400,563,2.75,1.36,1.37,517,2.53,0.15,0.03
29500,568,2.78,1.49,1.37,511,2.50,-0.01,0.01
29600,569,2.78,1.52,1.36,509,2.49,-0.07,0.02
29700,563,2.75,1.36,1.36,512,2.50,0.01,0.02
29800,564,2.76,1.39,1.37,515,2.52,0.09,0.03
29900,561,2.74,1.31,1.35,514,2.51,0.07,0.02
30000,561,2.74,1.31,1.38,514,2.51,0.07,0.04
30100,565,2.76,1.41,1.36,514,2.51,0.07,0.02
30200,567,2.77,1.47,1.36,515,2.52,0.09,0.02
30300,562,2.75,1.33,1.35,508,2.48,-0.09,0.01
30400,562,2.75,1.33,1.34,513,2.51,0.04,0.05
30500,562,2.75,1.33,1.36,513,2.51,0.04,0.01
30600,565,2.76,1.41,1.34,510,2.49,-0.04,0.03
30700,571,2.79,1.57,1.44,516,2.52,0.12,0.04
30800,585,2.86,1.94,1.46,514,2.51,0.07,0.04
30900,564,2.76,1.39,1.35,514,2.51,0.07,0.04
31000,561,2.74,1.31,1.37,511,2.50,-0.01,0.03
31100,565,2.76,1.41,1.36,510,2.49,-0.04,0.01
31200,564,2.76,1.39,1.37,514,2.51,0.07,0.03
31300,562,2.75,1.33,1.31,512,2.50,0.01,0.03
31400,513,2.51,0.04,0.74,515,2.52,0.09,0.03
31500,517,2.53,0.15,0.80,514,2.51,0.07,0.03
31600,532,2.60,0.54,0.17,512,2.50,0.01,0.04
31700,512,2.50,0.01,0.08,516,2.52,0.12,0.03
31800,517,2.53,0.15,0.13,513,2.51,0.04,0.04
31900,563,2.75,1.36,0.60,514,2.51,0.07,0.03
32000,519,2.54,0.20,0.22,512,2.50,0.01,0.02
32100,500,2.44,-0.30,0.24,513,2.51,0.04,0.03
32200,544,2.66,0.86,0.63,512,2.50,0.01,0.02
32300,513,2.51,0.04,0.22,514,2.51,0.07,0.02
32400,523,2.56,0.30,0.44,513,2.51,0.04,0.03
32500,498,2.43,-0.36,0.25,513,2.51,0.04,0.04
32600,511,2.50,-0.01,0.09,514,2.51,0.07,0.03
32700,514,2.51,0.07,0.08,512,2.50,0.01,0.03
32800,516,2.52,0.12,0.17,514,2.51,0.07,0.04
32900,512,2.50,0.01,0.18,510,2.49,-0.04,0.02
33000,529,2.59,0.46,0.24,509,2.49,-0.07,0.02
33100,511,2.50,-0.01,0.06,515,2.52,0.09,0.04
33200,518,2.53,0.17,0.17,515,2.52,0.09,0.04
33300,511,2.50,-0.01,0.05,509,2.49,-0.07,0.01
33400,514,2.51,0.07,0.12,515,2.52,0.09,0.03
33500,516,2.52,0.12,0.14,513,2.51,0.04,0.03
33600,512,2.50,0.01,0.11,512,2.50,0.01,0.03
33700,515,2.52,0.09,0.06,514,2.51,0.07,0.03
33800,514,2.51,0.07,0.22,514,2.51,0.07,0.05
33900,515,2.52,0.09,0.10,511,2.50,-0.01,0.05
34000,510,2.49,-0.04,0.04,514,2.51,0.07,0.03
34100,518,2.53,0.17,0.18,511,2.50,-0.01,0.01
34200,542,2.65,0.81,0.15,512,2.50,0.01,0.03
34300,510,2.49,-0.04,0.04,513,2.51,0.04,0.03
34400,513,2.51,0.04,0.04,516,2.52,0.12,0.03
34500,516,2.52,0.12,0.05,512,2.50,0.01,0.02
34600,515,2.52,0.09,0.08,517,2.53,0.15,0.04
34700,512,2.50,0.01,0.23,513,2.51,0.04,0.03
34800,517,2.53,0.15,0.14,513,2.51,0.04,0.02
34900,515,2.52,0.09,0.12,512,2.50,0.01,0.02
35000,513,2.51,0.04,0.16,510,2.49,-0.04,0.02
35100,521,2.55,0.25,0.09,514,2.51,0.07,0.02
35200,513,2.51,0.04,0.14,517,2.53,0.15,0.03
35300,517,2.53,0.15,0.14,518,2.53,0.17,0.04
35400,511,2.50,-0.01,0.14,515,2.52,0.09,0.04
35500,513,2.51,0.04,0.09,512,2.50,0.01,0.03
35600,518,2.53,0.17,0.40,516,2.52,0.12,0.05
35700,526,2.57,0.38,0.11,509,2.49,-0.07,0.03
35800,512,2.50,0.01,0.11,512,2.50,0.01,0.03
35900,515,2.52,0.09,0.21,514,2.51,0.07,0.05
36000,513,2.51,0.04,0.12,509,2.49,-0.07,0.03
36100,513,2.51,0.04,0.06,512,2.50,0.01,0.01
36200,531,2.60,0.52,0.13,515,2.52,0.09,0.03
36300,511,2.50,-0.01,0.09,514,2.51,0.07,0.03
36400,511,2.50,-0.01,0.13,516,2.52,0.12,0.04
36500,514,2.51,0.07,0.09,510,2.49,-0.04,0.02
36600,512,2.50,0.01,0.12,509,2.49,-0.07,0.01
36700,516,2.52,0.12,0.26,509,2.49,-0.07,0.03
36800,514,2.51,0.07,0.15,515,2.52,0.09,0.04
36900,511,2.50,-0.01,0.04,517,2.53,0.15,0.03
37000,536,2.62,0.65,0.33,515,2.52,0.09,0.03
37100,560,2.74,1.28,0.40,513,2.51,0.04,0.04
37200,526,2.57,0.38,0.44,515,2.52,0.09,0.02
37300,548,2.68,0.96,1.26,507,2.48,-0.12,0.02
37400,568,2.78,1.49,1.28,509,2.49,-0.07,0.03
37500,570,2.79,1.55,1.16,509,2.49,-0.07,0.00
37600,572,2.80,1.60,1.54,515,2.52,0.09,0.04
37700,585,2.86,1.94,1.56,513,2.51,0.04,0.03
37800,574,2.81,1.65,1.53,514,2.51,0.07,0.02
37900,556,2.72,1.18,0.98,511,2.50,-0.01,0.03
38000,586,2.86,1.97,1.40,510,2.49,-0.04,0.02
38100,496,2.42,-0.41,1.39,510,2.49,-0.04,0.02
38200,566,2.77,1.44,1.28,508,2.48,-0.09,0.04
38300,571,2.79,1.57,1.35,514,2.51,0.07,0.03
38400,569,2.78,1.52,1.39,513,2.51,0.04,0.03
38500,563,2.75,1.36,1.16,510,2.49,-0.04,0.03
38600,573,2.80,1.62,1.31,513,2.51,0.04,0.02
38700,573,2.80,1.62,1.45,510,2.49,-0.04,0.02
38800,570,2.79,1.55,1.35,516,2.52,0.12,0.03
38900,568,2.78,1.49,1.54,511,2.50,-0.01,0.03
39000,570,2.79,1.55,1.53,510,2.49,-0.04,0.01
39100,590,2.88,2.07,1.54,515,2.52,0.09,0.04
39200,567,2.77,1.47,1.48,511,2.50,-0.01,0.03
39300,570,2.79,1.55,1.40,516,2.52,0.12,0.03
39400,571,2.79,1.57,1.20,512,2.50,0.01,0.03
39500,566,2.77,1.44,1.52,514,2.51,0.07,0.03
39600,569,2.78,1.52,1.55,515,2.52,0.09,0.04
39700,565,2.76,1.41,1.53,513,2.51,0.04,0.02
39800,571,2.79,1.57,1.45,511,2.50,-0.01,0.03
39900,565,2.76,1.41,1.51,511,2.50,-0.01,0.03
40000,568,2.78,1.49,1.38,510,2.49,-0.04,0.01
40100,570,2.79,1.55,1.40,512,2.50,0.01,0.02
40200,564,2.76,1.39,1.46,512,2.50,0.01,0.03
40300,580,2.83,1.81,1.36,513,2.51,0.04,0.02
40400,571,2.79,1.57,1.42,516,2.52,0.12,0.02
40500,570,2.79,1.55,1.49,508,2.48,-0.09,0.02
40600,572,2.80,1.60,1.39,520,2.54,0.22,0.04
40700,559,2.73,1.25,1.00,514,2.51,0.07,0.05
40800,553,2.70,1.10,1.32,513,2.51,0.04,0.03
40900,566,2.77,1.44,1.50,510,2.49,-0.04,0.03
41000,590,2.88,2.07,1.56,515,2.52,0.09,0.04
41100,565,2.76,1.41,1.40,510,2.49,-0.04,0.02
41200,556,2.72,1.18,1.44,511,2.50,-0.01,0.02
41300,567,2.77,1.47,1.14,506,2.47,-0.15,0.02
41400,568,2.78,1.49,1.32,511,2.50,-0.01,0.03
41500,562,2.75,1.33,1.35,517,2.53,0.15,0.04
41600,561,2.74,1.31,1.34,513,2.51,0.04,0.03
41700,519,2.54,0.20,1.51,512,2.50,0.01,0.01
41800,533,2.61,0.57,0.76,510,2.49,-0.04,0.02
41900,515,2.52,0.09,0.41,514,2.51,0.07,0.03
42000,510,2.49,-0.04,0.03,511,2.50,-0.01,0.02
42100,516,2.52,0.12,0.04,513,2.51,0.04,0.04
42200,509,2.49,-0.07,0.04,519,2.54,0.20,0.04
42300,535,2.61,0.62,0.59,511,2.50,-0.01,0.01
42400,511,2.50,-0.01,0.05,513,2.51,0.04,0.02
42500,531,2.60,0.52,0.52,514,2.51,0.07,0.04
42600,517,2.53,0.15,0.17,507,2.48,-0.12,0.03
42700,516,2.52,0.12,0.27,513,2.51,0.04,0.03
42800,521,2.55,0.25,0.29,513,2.51,0.04,0.04
42900,513,2.51,0.04,0.53,516,2.52,0.12,0.06
43000,525,2.57,0.36,0.64,511,2.50,-0.01,0.03
43100,536,2.62,0.65,0.72,512,2.50,0.01,0.04
43200,509,2.49,-0.07,0.16,510,2.49,-0.04,0.02
43300,520,2.54,0.22,0.66,514,2.51,0.07,0.05
43400,515,2.52,0.09,0.09,516,2.52,0.12,0.04
43500,525,2.57,0.36,0.58,507,2.48,-0.12,0.02
43600,515,2.52,0.09,0.21,511,2.50,-0.01,0.03
43700,518,2.53,0.17,0.31,511,2.50,-0.01,0.04
43800,515,2.52,0.09,0.09,512,2.50,0.01,0.02
43900,518,2.53,0.17,0.28,510,2.49,-0.04,0.02
44000,516,2.52,0.12,0.10,509,2.49,-0.07,0.03
44100,528,2.58,0.44,0.21,512,2.50,0.01,0.03
44200,517,2.53,0.15,0.15,512,2.50,0.01,0.03
44300,532,2.60,0.54,0.62,512,2.50,0.01,0.03
44400,511,2.50,-0.01,0.08,515,2.52,0.09,0.04
44500,514,2.51,0.07,0.07,512,2.50,0.01,0.04
44600,525,2.57,0.36,0.19,517,2.53,0.15,0.03
44700,514,2.51,0.07,0.13,514,2.51,0.07,0.03
44800,515,2.52,0.09,0.05,515,2.52,0.09,0.02
44900,537,2.62,0.67,0.85,513,2.51,0.04,0.04
45000,512,2.50,0.01,0.09,512,2.50,0.01,0.01
45100,513,2.51,0.04,0.05,515,2.52,0.09,0.02
45200,510,2.49,-0.04,0.05,512,2.50,0.01,0.02
45300,513,2.51,0.04,0.06,515,2.52,0.09,0.05
45400,510,2.49,-0.04,0.04,511,2.50,-0.01,0.02
45500,515,2.52,0.09,0.05,515,2.52,0.09,0.02
45600,513,2.51,0.04,0.04,513,2.51,0.04,0.02
45700,522,2.55,0.28,0.42,511,2.50,-0.01,0.04
45800,500,2.44,-0.30,0.18,514,2.51,0.07,0.02
45900,513,2.51,0.04,0.06,511,2.50,-0.01,0.05
46000,515,2.52,0.09,0.05,513,2.51,0.04,0.02
46100,516,2.52,0.12,0.08,511,2.50,-0.01,0.03
46200,557,2.72,1.20,0.24,516,2.52,0.12,0.05
46300,515,2.52,0.09,0.13,507,2.48,-0.12,0.03
46400,512,2.50,0.01,0.09,507,2.48,-0.12,0.03
46500,513,2.51,0.04,0.12,512,2.50,0.01,0.03
46600,515,2.52,0.09,0.08,514,2.51,0.07,0.03
46700,515,2.52,0.09,0.12,514,2.51,0.07,0.02
46800,515,2.52,0.09,0.06,512,2.50,0.01,0.04
46900,514,2.51,0.07,0.06,513,2.51,0.04,0.02
47000,510,2.49,-0.04,0.16,513,2.51,0.04,0.04
47100,515,2.52,0.09,0.06,514,2.51,0.07,0.04
47200,513,2.51,0.04,0.13,513,2.51,0.04,0.03
47300,513,2.51,0.04,0.06,514,2.51,0.07,0.04
47400,515,2.52,0.09,0.10,514,2.51,0.07,0.02
47500,515,2.52,0.09,0.05,511,2.50,-0.01,0.03
47600,513,2.51,0.04,0.19,514,2.51,0.07,0.04
47700,513,2.51,0.04,0.08,511,2.50,-0.01,0.03
47800,510,2.49,-0.04,0.05,512,2.50,0.01,0.04
47900,517,2.53,0.15,0.33,507,2.48,-0.12,0.02
48000,524,2.56,0.33,0.13,514,2.51,0.07,0.03
48100,553,2.70,1.10,0.18,513,2.51,0.04,0.03
48200,516,2.52,0.12,0.13,511,2.50,-0.01,0.02
48300,513,2.51,0.04,0.20,514,2.51,0.07,0.04
48400,518,2.53,0.17,0.20,511,2.50,-0.01,0.04
48500,516,2.52,0.12,0.05,512,2.50,0.01,0.02
48600,514,2.51,0.07,0.23,512,2.50,0.01,0.03
48700,517,2.53,0.15,0.05,512,2.50,0.01,0.04
48800,512,2.50,0.01,0.09,511,2.50,-0.01,0.04
48900,517,2.53,0.15,0.19,510,2.49,-0.04,0.03
49000,518,2.53,0.17,0.18,516,2.52,0.12,0.04
49100,519,2.54,0.20,0.39,507,2.48,-0.12,0.03
49200,520,2.54,0.22,0.23,517,2.53,0.15,0.04
49300,517,2.53,0.15,0.21,511,2.50,-0.01,0.02
49400,521,2.55,0.25,0.20,508,2.48,-0.09,0.02
49500,515,2.52,0.09,0.21,510,2.49,-0.04,0.04
49600,516,2.52,0.12,0.20,513,2.51,0.04,0.02
49700,529,2.59,0.46,0.23,512,2.50,0.01,0.02
49800,535,2.61,0.62,0.38,517,2.53,0.15,0.03
49900,523,2.56,0.30,0.23,507,2.48,-0.12,0.02
50000,514,2.51,0.07,0.19,512,2.50,0.01,0.03
50100,537,2.62,0.67,0.31,516,2.52,0.12,0.03
50200,518,2.53,0.17,0.21,514,2.51,0.07,0.02
50300,515,2.52,0.09,0.26,511,2.50,-0.01,0.03
50400,526,2.57,0.38,0.27,512,2.50,0.01,0.02
50500,531,2.60,0.52,0.25,513,2.51,0.04,0.02
50600,520,2.54,0.22,0.21,515,2.52,0.09,0.01
50700,515,2.52,0.09,0.23,513,2.51,0.04,0.03
50800,523,2.56,0.30,0.22,515,2.52,0.09,0.02
50900,514,2.51,0.07,0.22,509,2.49,-0.07,0.03
51000,515,2.52,0.09,0.27,507,2.48,-0.12,0.03
51100,519,2.54,0.20,0.36,512,2.50,0.01,0.03
51200,489,2.39,-0.59,0.38,515,2.52,0.09,0.03
51300,515,2.52,0.09,0.28,509,2.49,-0.07,0.01
51400,524,2.56,0.33,0.28,512,2.50,0.01,0.04
51500,519,2.54,0.20,0.27,512,2.50,0.01,0.03
51600,530,2.59,0.49,0.36,511,2.50,-0.01,0.01
51700,511,2.50,-0.01,0.07,514,2.51,0.07,0.02
51800,516,2.52,0.12,0.04,515,2.52,0.09,0.05
51900,516,2.52,0.12,0.05,511,2.50,-0.01,0.04
52000,509,2.49,-0.07,0.06,514,2.51,0.07,0.04
52100,514,2.51,0.07,0.06,512,2.50,0.01,0.03
52200,512,2.50,0.01,0.03,508,2.48,-0.09,0.03
52300,515,2.52,0.09,0.05,510,2.49,-0.04,0.02
52400,513,2.51,0.04,0.05,513,2.51,0.04,0.03
52500,512,2.50,0.01,0.04,513,2.51,0.04,0.03
52600,514,2.51,0.07,0.05,513,2.51,0.04,0.03
52700,511,2.50,-0.01,0.04,513,2.51,0.04,0.03
52800,515,2.52,0.09,0.05,514,2.51,0.07,0.03
52900,513,2.51,0.04,0.05,513,2.51,0.04,0.04
53000,511,2.50,-0.01,0.04,510,2.49,-0.04,0.02
53100,512,2.50,0.01,0.06,510,2.49,-0.04,0.04
53200,516,2.52,0.12,0.05,511,2.50,-0.01,0.03
53300,516,2.52,0.12,0.05,512,2.50,0.01,0.02
53400,513,2.51,0.04,0.06,514,2.51,0.07,0.02
53500,510,2.49,-0.04,0.05,519,2.54,0.20,0.03
53600,517,2.53,0.15,0.06,512,2.50,0.01,0.02
53700,515,2.52,0.09,0.06,515,2.52,0.09,0.04
53800,511,2.50,-0.01,0.04,511,2.50,-0.01,0.04
53900,515,2.52,0.09,0.04,513,2.51,0.04,0.05
54000,513,2.51,0.04,0.07,516,2.52,0.12,0.02
54100,514,2.51,0.07,0.04,514,2.51,0.07,0.01
54200,515,2.52,0.09,0.05,512,2.50,0.01,0.03
54300,513,2.51,0.04,0.05,512,2.50,0.01,0.02
54400,518,2.53,0.17,0.04,509,2.49,-0.07,0.02
54500,512,2.50,0.01,0.05,513,2.51,0.04,0.02
54600,516,2.52,0.12,0.07,513,2.51,0.04,0.03
54700,513,2.51,0.04,0.04,516,2.52,0.12,0.04
54800,513,2.51,0.04,0.03,511,2.50,-0.01,0.02
54900,510,2.49,-0.04,0.03,517,2.53,0.15,0.04
55000,514,2.51,0.07,0.02,508,2.48,-0.09,0.01
55100,515,2.52,0.09,0.04,513,2.51,0.04,0.02
55200,511,2.50,-0.01,0.04,514,2.51,0.07,0.04
55300,511,2.50,-0.01,0.05,513,2.51,0.04,0.03
55400,511,2.50,-0.01,0.05,512,2.50,0.01,0.04
55500,514,2.51,0.07,0.07,517,2.53,0.15,0.05
55600,513,2.51,0.04,0.06,516,2.52,0.12,0.03
55700,513,2.51,0.04,0.05,514,2.51,0.07,0.04
55800,513,2.51,0.04,0.06,516,2.52,0.12,0.05
55900,514,2.51,0.07,0.04,515,2.52,0.09,0.03
56000,506,2.47,-0.15,0.05,517,2.53,0.15,0.03
56100,515,2.52,0.09,0.05,512,2.50,0.01,0.02
56200,517,2.53,0.15,0.06,509,2.49,-0.07,0.03
56300,512,2.50,0.01,0.06,513,2.51,0.04,0.04
56400,514,2.51,0.07,0.05,514,2.51,0.07,0.04
56500,519,2.54,0.20,0.06,511,2.50,-0.01,0.04
56600,514,2.51,0.07,0.04,514,2.51,0.07,0.05
56700,512,2.50,0.01,0.04,514,2.51,0.07,0.05
56800,511,2.50,-0.01,0.03,510,2.49,-0.04,0.03
56900,514,2.51,0.07,0.04,512,2.50,0.01,0.03
57000,516,2.52,0.12,0.06,513,2.51,0.04,0.02
57100,514,2.51,0.07,0.04,508,2.48,-0.09,0.03
57200,508,2.48,-0.09,0.05,512,2.50,0.01,0.03
57300,514,2.51,0.07,0.05,514,2.51,0.07,0.03
57400,512,2.50,0.01,0.04,517,2.53,0.15,0.02
57500,511,2.50,-0.01,0.04,514,2.51,0.07,0.04
57600,513,2.51,0.04,0.04,516,2.52,0.12,0.04
57700,512,2.50,0.01,0.07,510,2.49,-0.04,0.03
57800,514,2.51,0.07,0.03,515,2.52,0.09,0.02
57900,509,2.49,-0.07,0.04,518,2.53,0.17,0.04
58000,510,2.49,-0.04,0.03,509,2.49,-0.07,0.02
58100,510,2.49,-0.04,0.04,512,2.50,0.01,0.04
58200,512,2.50,0.01,0.03,516,2.52,0.12,0.04
58300,511,2.50,-0.01,0.03,515,2.52,0.09,0.04
58400,517,2.53,0.15,0.07,514,2.51,0.07,0.05
58500,510,2.49,-0.04,0.02,512,2.50,0.01,0.04
58600,513,2.51,0.04,0.06,511,2.50,-0.01,0.01
58700,516,2.52,0.12,0.04,516,2.52,0.12,0.03